customer_id,first_name,last_name,email,phone,age,total_purchases,total_spent,join_date,city,state
1,  John,Smith,john@EMAIL.com,(555) 123-4567,-5.0,21,4455,2023-04-07,New York,NY
2,MARY  ,JOHNSON,mary@email.COM  ,555-234-5678,-5.0,22,2947,2025-03-18,los angeles,ca
3,bob,williams,  bob@gmail.com,5553456789,-5.0,1,1719,2026-01-30,CHICAGO  ,IL
4,  Alice  ,Brown  ,alice.email.com,555.456.7890,150.0,26,280,2025-07-10,  Houston,TX  
5,Charlie,Jones,charlie@,invalid,150.0,41,3266,2025-03-09,Phoenix,AZ
6,david,,david@email.com,123,150.0,1,1887,2024-04-21,Philadelphia,PA
7,Emma,Miller,invalid-email,(555)678-9012,,25,3266,2025-02-02,san antonio,TX
8,FRANK,  Davis,frank@email.com,555 789 0123,,16,666,2023-06-11,San Diego,CA
9,grace,Rodriguez,grace@email.com,5558901234,,39,4188,2024-03-03,Dallas,TX
10,Henry,Martinez,henry@email.com,(555) 901-2345,75.0,32,671,2024-11-02,San Jose,CA
11,  John,Smith,john@EMAIL.com,(555) 123-4567,36.0,8,1969,2024-10-10,New York,NY
12,MARY  ,JOHNSON,mary@email.COM  ,555-234-5678,40.0,42,4156,2025-12-26,los angeles,ca
13,bob,williams,  bob@gmail.com,5553456789,28.0,47,3122,2023-12-26,CHICAGO  ,IL
14,  Alice  ,Brown  ,alice.email.com,555.456.7890,28.0,38,4699,2023-04-08,  Houston,TX  
15,Charlie,Jones,charlie@,invalid,41.0,28,4777,2024-03-02,Phoenix,AZ
16,david,Garcia,david@email.com,123,70.0,41,3900,2025-01-06,Philadelphia,PA
17,Emma,Miller,invalid-email,(555)678-9012,53.0,25,523,2023-06-06,san antonio,TX
18,FRANK,  Davis,frank@email.com,555 789 0123,57.0,34,2393,2025-06-06,San Diego,CA
19,grace,Rodriguez,grace@email.com,5558901234,41.0,49,3117,2025-01-16,Dallas,TX
20,Henry,Martinez,henry@email.com,(555) 901-2345,20.0,24,2593,2025-03-13,San Jose,CA
21,  John,Smith,john@EMAIL.com,(555) 123-4567,39.0,23,1968,2024-05-23,New York,NY
22,MARY  ,JOHNSON,mary@email.COM  ,555-234-5678,70.0,12,1753,2025-09-27,los angeles,ca
23,bob,,  bob@gmail.com,5553456789,19.0,6,2296,2023-09-12,CHICAGO  ,IL
24,  Alice  ,Brown  ,alice.email.com,555.456.7890,41.0,35,2261,2024-03-25,  Houston,TX  
25,Charlie,Jones,charlie@,invalid,61.0,44,2286,2023-11-07,Phoenix,AZ
26,david,Garcia,david@email.com,123,47.0,19,4202,2024-02-15,Philadelphia,PA
27,Emma,Miller,invalid-email,(555)678-9012,55.0,0,2878,2024-06-27,san antonio,TX
28,FRANK,  Davis,frank@email.com,555 789 0123,19.0,7,4143,2023-05-28,San Diego,CA
29,grace,Rodriguez,grace@email.com,5558901234,77.0,45,3644,2025-02-04,Dallas,TX
30,Henry,Martinez,henry@email.com,(555) 901-2345,38.0,15,4432,2023-07-22,San Jose,CA
31,  John,Smith,john@EMAIL.com,(555) 123-4567,50.0,13,2055,2023-05-23,New York,NY
32,MARY  ,JOHNSON,mary@email.COM  ,555-234-5678,29.0,11,4720,2025-01-05,los angeles,ca
33,bob,williams,  bob@gmail.com,5553456789,75.0,22,1276,2024-06-06,CHICAGO  ,IL
34,  Alice  ,Brown  ,alice.email.com,555.456.7890,39.0,14,2766,2023-05-23,  Houston,TX  
35,Charlie,Jones,charlie@,invalid,78.0,27,302,2024-06-01,Phoenix,AZ
36,david,Garcia,david@email.com,123,61.0,33,638,2025-08-07,Philadelphia,PA
37,Emma,Miller,invalid-email,(555)678-9012,42.0,1,55,2025-10-03,san antonio,TX
38,FRANK,  Davis,frank@email.com,555 789 0123,66.0,31,4821,2023-11-29,San Diego,CA
39,grace,Rodriguez,grace@email.com,5558901234,44.0,22,525,2023-07-21,Dallas,TX
40,Henry,Martinez,henry@email.com,(555) 901-2345,76.0,21,4569,2023-06-01,San Jose,CA
41,  John,Smith,john@EMAIL.com,(555) 123-4567,59.0,24,4123,2025-08-12,New York,NY
42,MARY  ,JOHNSON,mary@email.COM  ,555-234-5678,45.0,21,2125,2023-06-04,los angeles,ca
43,bob,williams,  bob@gmail.com,5553456789,77.0,21,3287,2025-02-12,CHICAGO  ,IL
44,  Alice  ,Brown  ,alice.email.com,555.456.7890,33.0,48,364,2026-01-03,  Houston,TX  
45,Charlie,Jones,charlie@,invalid,32.0,41,4621,2024-10-02,Phoenix,AZ
46,david,,david@email.com,123,79.0,5,4978,2023-06-05,Philadelphia,PA
47,Emma,Miller,invalid-email,(555)678-9012,79.0,14,1646,2023-08-05,san antonio,TX
48,FRANK,  Davis,frank@email.com,555 789 0123,64.0,42,918,2024-02-20,San Diego,CA
49,grace,Rodriguez,grace@email.com,5558901234,79.0,36,2797,2026-01-26,Dallas,TX
50,Henry,Martinez,henry@email.com,(555) 901-2345,68.0,32,1531,2024-10-06,San Jose,CA
51,  John,Smith,john@EMAIL.com,(555) 123-4567,61.0,7,3345,2023-09-01,New York,NY
52,MARY  ,JOHNSON,mary@email.COM  ,555-234-5678,72.0,43,1906,2025-04-06,los angeles,ca
53,bob,williams,  bob@gmail.com,5553456789,69.0,43,3086,2024-02-03,CHICAGO  ,IL
54,  Alice  ,Brown  ,alice.email.com,555.456.7890,74.0,4,4580,2024-08-14,  Houston,TX  
55,Charlie,Jones,charlie@,invalid,20.0,38,2075,2024-12-24,Phoenix,AZ
56,david,Garcia,david@email.com,123,54.0,3,713,2025-06-05,Philadelphia,PA
57,Emma,Miller,invalid-email,(555)678-9012,68.0,5,1062,2024-01-14,san antonio,TX
58,FRANK,  Davis,frank@email.com,555 789 0123,24.0,44,1976,2023-03-16,San Diego,CA
59,grace,Rodriguez,grace@email.com,5558901234,38.0,31,1296,2023-11-20,Dallas,TX
60,Henry,Martinez,henry@email.com,(555) 901-2345,26.0,29,125,2026-01-13,San Jose,CA
61,  John,Smith,john@EMAIL.com,(555) 123-4567,56.0,46,4632,2023-06-29,New York,NY
62,MARY  ,JOHNSON,mary@email.COM  ,555-234-5678,35.0,34,3596,2024-10-22,los angeles,ca
63,bob,williams,  bob@gmail.com,5553456789,21.0,39,3283,2025-03-30,CHICAGO  ,IL
64,  Alice  ,Brown  ,alice.email.com,555.456.7890,42.0,15,1603,2025-06-11,  Houston,TX  
65,Charlie,Jones,charlie@,invalid,77.0,12,66,2024-01-25,Phoenix,AZ
66,david,Garcia,david@email.com,123,31.0,49,232,2024-03-16,Philadelphia,PA
67,Emma,Miller,invalid-email,(555)678-9012,67.0,41,2156,2025-05-15,san antonio,TX
68,FRANK,  Davis,frank@email.com,555 789 0123,75.0,29,1169,2025-01-30,San Diego,CA
69,grace,Rodriguez,grace@email.com,5558901234,26.0,18,2158,2025-05-21,Dallas,TX
70,Henry,Martinez,henry@email.com,(555) 901-2345,43.0,16,4206,2023-07-31,San Jose,CA
71,  John,Smith,john@EMAIL.com,(555) 123-4567,70.0,18,1493,2023-08-05,New York,NY
72,MARY  ,JOHNSON,mary@email.COM  ,555-234-5678,19.0,27,4718,2025-03-08,los angeles,ca
73,bob,williams,  bob@gmail.com,5553456789,37.0,25,4007,2025-01-18,CHICAGO  ,IL
74,  Alice  ,Brown  ,alice.email.com,555.456.7890,45.0,36,2472,2024-07-14,  Houston,TX  
75,Charlie,Jones,charlie@,invalid,64.0,25,2660,2026-02-08,Phoenix,AZ
76,david,Garcia,david@email.com,123,77.0,22,2739,2025-01-31,Philadelphia,PA
77,Emma,Miller,invalid-email,(555)678-9012,24.0,8,1761,2025-03-24,san antonio,TX
78,FRANK,  Davis,frank@email.com,555 789 0123,61.0,11,3514,2025-09-18,San Diego,CA
79,grace,Rodriguez,grace@email.com,5558901234,78.0,0,1975,2025-04-24,Dallas,TX
80,Henry,Martinez,henry@email.com,(555) 901-2345,25.0,0,2362,2024-12-06,San Jose,CA
81,  John,Smith,john@EMAIL.com,(555) 123-4567,64.0,46,876,2024-03-08,New York,NY
82,MARY  ,JOHNSON,mary@email.COM  ,555-234-5678,52.0,33,3812,2023-07-08,los angeles,ca
83,bob,williams,  bob@gmail.com,5553456789,31.0,31,3448,2024-07-06,CHICAGO  ,IL
84,  Alice  ,Brown  ,alice.email.com,555.456.7890,34.0,47,1312,2025-01-08,  Houston,TX  
85,Charlie,Jones,charlie@,invalid,53.0,24,1460,2023-11-17,Phoenix,AZ
86,david,Garcia,david@email.com,123,67.0,39,2709,2023-06-23,Philadelphia,PA
87,Emma,Miller,invalid-email,(555)678-9012,57.0,44,2324,2025-08-08,san antonio,TX
88,FRANK,  Davis,frank@email.com,555 789 0123,21.0,0,1733,2025-12-12,San Diego,CA
89,grace,Rodriguez,grace@email.com,5558901234,19.0,15,1605,2023-07-18,Dallas,TX
90,Henry,Martinez,henry@email.com,(555) 901-2345,79.0,38,2563,2024-03-03,San Jose,CA
91,  John,Smith,john@EMAIL.com,(555) 123-4567,23.0,4,3421,2023-11-27,New York,NY
92,MARY  ,JOHNSON,mary@email.COM  ,555-234-5678,71.0,21,3517,2026-01-31,los angeles,ca
93,bob,williams,  bob@gmail.com,5553456789,59.0,28,2397,2023-02-21,CHICAGO  ,IL
94,  Alice  ,Brown  ,alice.email.com,555.456.7890,21.0,2,3735,2025-06-30,  Houston,TX  
95,Charlie,Jones,charlie@,invalid,71.0,11,2870,2024-07-27,Phoenix,AZ
96,david,Garcia,david@email.com,123,46.0,25,1160,2024-01-01,Philadelphia,PA
97,Emma,Miller,invalid-email,(555)678-9012,35.0,15,4854,2023-09-10,san antonio,TX
98,FRANK,  Davis,frank@email.com,555 789 0123,43.0,36,242,2025-06-30,San Diego,CA
99,grace,Rodriguez,grace@email.com,5558901234,61.0,21,2590,2023-11-09,Dallas,TX
100,Henry,Martinez,henry@email.com,(555) 901-2345,51.0,28,1063,2025-07-08,San Jose,CA
101,  John,Smith,john@EMAIL.com,(555) 123-4567,27.0,13,4324,2023-07-20,New York,NY
102,MARY  ,JOHNSON,mary@email.COM  ,555-234-5678,79.0,27,2595,2024-01-20,los angeles,ca
103,bob,williams,  bob@gmail.com,5553456789,53.0,4,919,2024-09-23,CHICAGO  ,IL
104,  Alice  ,Brown  ,alice.email.com,555.456.7890,31.0,46,5,2025-05-28,  Houston,TX  
105,Charlie,Jones,charlie@,invalid,48.0,48,467,2025-12-19,Phoenix,AZ
106,david,Garcia,david@email.com,123,65.0,29,4170,2023-03-08,Philadelphia,PA
107,Emma,Miller,invalid-email,(555)678-9012,32.0,45,3,2024-02-15,san antonio,TX
108,FRANK,  Davis,frank@email.com,555 789 0123,25.0,4,645,2024-03-24,San Diego,CA
109,grace,Rodriguez,grace@email.com,5558901234,31.0,11,117,2023-04-04,Dallas,TX
110,Henry,Martinez,henry@email.com,(555) 901-2345,40.0,15,2928,2024-12-19,San Jose,CA
111,  John,Smith,john@EMAIL.com,(555) 123-4567,77.0,25,2551,2024-03-23,New York,NY
112,MARY  ,JOHNSON,mary@email.COM  ,555-234-5678,74.0,25,4289,2023-10-15,los angeles,ca
113,bob,williams,  bob@gmail.com,5553456789,79.0,47,846,2025-12-11,CHICAGO  ,IL
114,  Alice  ,Brown  ,alice.email.com,555.456.7890,57.0,20,2762,2025-07-10,  Houston,TX  
115,Charlie,Jones,charlie@,invalid,38.0,38,1141,2026-02-08,Phoenix,AZ
116,david,Garcia,david@email.com,123,33.0,35,1810,2025-09-04,Philadelphia,PA
117,Emma,Miller,invalid-email,(555)678-9012,62.0,32,723,2023-12-23,san antonio,TX
118,FRANK,  Davis,frank@email.com,555 789 0123,35.0,29,224,2023-09-02,San Diego,CA
119,grace,Rodriguez,grace@email.com,5558901234,64.0,36,4627,2025-03-19,Dallas,TX
120,Henry,Martinez,henry@email.com,(555) 901-2345,70.0,22,4208,2024-07-11,San Jose,CA
121,  John,Smith,john@EMAIL.com,(555) 123-4567,41.0,9,4654,2023-07-05,New York,NY
122,MARY  ,JOHNSON,mary@email.COM  ,555-234-5678,43.0,4,2048,2024-05-17,los angeles,ca
123,bob,williams,  bob@gmail.com,5553456789,42.0,35,4749,2023-05-30,CHICAGO  ,IL
124,  Alice  ,Brown  ,alice.email.com,555.456.7890,77.0,33,4415,2023-08-05,  Houston,TX  
125,Charlie,Jones,charlie@,invalid,77.0,30,1573,2024-02-04,Phoenix,AZ
126,david,Garcia,david@email.com,123,77.0,9,1828,2025-08-25,Philadelphia,PA
127,Emma,Miller,invalid-email,(555)678-9012,62.0,18,1917,2024-09-08,san antonio,TX
128,FRANK,  Davis,frank@email.com,555 789 0123,58.0,31,4234,2026-01-02,San Diego,CA
129,grace,Rodriguez,grace@email.com,5558901234,46.0,0,2026,2023-07-02,Dallas,TX
130,Henry,Martinez,henry@email.com,(555) 901-2345,32.0,4,3744,2023-06-03,San Jose,CA
131,  John,Smith,john@EMAIL.com,(555) 123-4567,62.0,44,901,2023-06-12,New York,NY
132,MARY  ,JOHNSON,mary@email.COM  ,555-234-5678,18.0,3,4785,2026-01-04,los angeles,ca
133,bob,williams,  bob@gmail.com,5553456789,42.0,15,2039,2025-03-20,CHICAGO  ,IL
134,  Alice  ,Brown  ,alice.email.com,555.456.7890,24.0,23,9,2023-08-12,  Houston,TX  
135,Charlie,Jones,charlie@,invalid,26.0,15,260,2024-11-14,Phoenix,AZ
136,david,Garcia,david@email.com,123,41.0,1,1673,2026-01-05,Philadelphia,PA
137,Emma,Miller,invalid-email,(555)678-9012,18.0,48,2219,2023-06-14,san antonio,TX
138,FRANK,  Davis,frank@email.com,555 789 0123,61.0,27,2060,2023-12-08,San Diego,CA
139,grace,Rodriguez,grace@email.com,5558901234,25.0,31,3713,2023-06-14,Dallas,TX
140,Henry,Martinez,henry@email.com,(555) 901-2345,41.0,26,1619,2024-06-28,San Jose,CA
141,  John,Smith,john@EMAIL.com,(555) 123-4567,28.0,19,320,2023-03-15,New York,NY
142,MARY  ,JOHNSON,mary@email.COM  ,555-234-5678,68.0,23,1342,2025-07-02,los angeles,ca
143,bob,williams,  bob@gmail.com,5553456789,34.0,11,2376,2025-03-30,CHICAGO  ,IL
144,  Alice  ,Brown  ,alice.email.com,555.456.7890,25.0,49,2832,2025-02-27,  Houston,TX  
145,Charlie,Jones,charlie@,invalid,52.0,34,2824,2025-10-19,Phoenix,AZ
146,david,Garcia,david@email.com,123,52.0,32,1994,2024-03-15,Philadelphia,PA
147,Emma,Miller,invalid-email,(555)678-9012,50.0,32,2958,2023-03-15,san antonio,TX
148,,  Davis,frank@email.com,,76.0,42,2038,2026-01-02,San Diego,CA
149,grace,Rodriguez,grace@email.com,5558901234,22.0,36,3490,2025-07-10,Dallas,TX
150,Henry,Martinez,henry@email.com,(555) 901-2345,59.0,11,3677,2025-03-12,San Jose,CA
151,  John,Smith,john@EMAIL.com,(555) 123-4567,56.0,2,1118,2025-11-11,New York,NY
152,MARY  ,JOHNSON,mary@email.COM  ,555-234-5678,75.0,0,1604,2025-02-23,los angeles,ca
153,bob,williams,  bob@gmail.com,5553456789,58.0,32,4027,2024-07-20,CHICAGO  ,IL
154,  Alice  ,Brown  ,alice.email.com,555.456.7890,45.0,39,235,2023-11-18,  Houston,TX  
155,Charlie,Jones,charlie@,invalid,24.0,9,1969,2023-12-23,Phoenix,AZ
156,david,Garcia,david@email.com,123,26.0,42,4429,2025-02-13,Philadelphia,PA
157,Emma,Miller,invalid-email,(555)678-9012,25.0,43,1908,2024-08-03,san antonio,TX
158,FRANK,  Davis,frank@email.com,555 789 0123,29.0,28,375,2025-02-20,San Diego,CA
159,grace,Rodriguez,grace@email.com,5558901234,51.0,12,3530,2025-08-04,Dallas,TX
160,Henry,Martinez,henry@email.com,(555) 901-2345,50.0,11,2635,2024-12-16,San Jose,CA
161,  John,Smith,john@EMAIL.com,(555) 123-4567,65.0,30,1570,2024-03-13,New York,NY
162,MARY  ,JOHNSON,mary@email.COM  ,555-234-5678,72.0,45,2560,2026-02-04,los angeles,ca
163,bob,williams,  bob@gmail.com,5553456789,40.0,1,3391,2025-10-01,CHICAGO  ,IL
164,  Alice  ,Brown  ,alice.email.com,555.456.7890,79.0,49,2965,2024-08-03,  Houston,TX  
165,Charlie,,charlie@,invalid,41.0,34,3643,2023-11-08,Phoenix,AZ
166,david,Garcia,david@email.com,123,54.0,22,3850,2024-01-12,Philadelphia,PA
167,Emma,Miller,invalid-email,(555)678-9012,52.0,16,872,2023-03-24,san antonio,TX
168,FRANK,  Davis,frank@email.com,555 789 0123,61.0,25,1252,2024-08-25,San Diego,CA
169,grace,Rodriguez,grace@email.com,5558901234,57.0,7,1314,2024-12-12,Dallas,TX
170,Henry,Martinez,henry@email.com,(555) 901-2345,39.0,28,4820,2024-04-10,San Jose,CA
171,  John,Smith,john@EMAIL.com,(555) 123-4567,44.0,25,2898,2025-02-13,New York,NY
172,MARY  ,JOHNSON,mary@email.COM  ,555-234-5678,52.0,9,77,2025-11-21,los angeles,ca
173,bob,williams,  bob@gmail.com,5553456789,18.0,25,2621,2025-02-20,CHICAGO  ,IL
174,  Alice  ,Brown  ,alice.email.com,555.456.7890,52.0,33,4227,2024-07-02,  Houston,TX  
175,Charlie,Jones,charlie@,invalid,54.0,40,600,2025-04-22,Phoenix,AZ
176,david,Garcia,david@email.com,123,64.0,6,1065,2023-03-09,Philadelphia,PA
177,Emma,Miller,invalid-email,(555)678-9012,31.0,3,2136,2026-01-25,san antonio,TX
178,FRANK,  Davis,frank@email.com,555 789 0123,20.0,49,2449,2025-02-16,San Diego,CA
179,grace,Rodriguez,grace@email.com,5558901234,18.0,44,2343,2023-09-29,Dallas,TX
180,Henry,Martinez,henry@email.com,(555) 901-2345,22.0,10,1863,2024-03-13,San Jose,CA
181,  John,Smith,john@EMAIL.com,(555) 123-4567,43.0,28,1318,2024-11-20,New York,NY
182,MARY  ,JOHNSON,mary@email.COM  ,555-234-5678,72.0,35,4711,2023-10-09,los angeles,ca
183,bob,williams,  bob@gmail.com,5553456789,31.0,24,3597,2025-02-11,CHICAGO  ,IL
184,  Alice  ,Brown  ,alice.email.com,555.456.7890,56.0,20,3762,2024-04-07,  Houston,TX  
185,Charlie,Jones,charlie@,invalid,44.0,35,4670,2023-05-10,Phoenix,AZ
186,david,Garcia,david@email.com,123,26.0,9,2190,2024-11-01,Philadelphia,PA
187,Emma,Miller,invalid-email,(555)678-9012,32.0,36,992,2024-12-24,san antonio,TX
188,FRANK,  Davis,frank@email.com,555 789 0123,32.0,8,2712,2024-07-05,San Diego,CA
189,grace,,grace@email.com,5558901234,43.0,23,2192,2023-05-24,Dallas,TX
190,Henry,Martinez,henry@email.com,(555) 901-2345,59.0,34,1248,2024-07-19,San Jose,CA
191,  John,Smith,john@EMAIL.com,(555) 123-4567,77.0,48,3054,2025-03-13,New York,NY
192,MARY  ,JOHNSON,mary@email.COM  ,555-234-5678,30.0,34,4598,2026-01-05,los angeles,ca
193,bob,williams,,5553456789,68.0,47,4033,2023-05-29,CHICAGO  ,IL
194,  Alice  ,Brown  ,alice.email.com,555.456.7890,49.0,35,1997,2025-05-09,  Houston,TX  
195,Charlie,Jones,charlie@,invalid,56.0,17,4916,2023-08-10,Phoenix,AZ
196,david,Garcia,david@email.com,123,66.0,48,3687,2024-10-15,Philadelphia,PA
197,Emma,Miller,invalid-email,(555)678-9012,69.0,38,2151,2024-02-11,san antonio,TX
198,FRANK,  Davis,frank@email.com,555 789 0123,78.0,31,4018,2025-08-03,San Diego,CA
199,grace,Rodriguez,grace@email.com,5558901234,49.0,23,3110,2023-04-07,Dallas,TX
200,Henry,Martinez,henry@email.com,(555) 901-2345,21.0,22,1970,2024-09-05,San Jose,CA
201,  John,Smith,john@EMAIL.com,(555) 123-4567,47.0,31,197,2023-08-08,New York,NY
202,MARY  ,JOHNSON,mary@email.COM  ,555-234-5678,54.0,36,2626,2025-01-06,los angeles,ca
203,bob,williams,  bob@gmail.com,5553456789,40.0,11,1202,2023-09-09,CHICAGO  ,IL
204,,Brown  ,alice.email.com,,56.0,48,2035,2024-03-08,  Houston,TX  
205,,Jones,charlie@,,62.0,12,477,2026-01-20,Phoenix,AZ
206,david,Garcia,david@email.com,123,32.0,22,1254,2024-10-25,Philadelphia,PA
207,Emma,Miller,invalid-email,(555)678-9012,60.0,24,922,2025-07-16,san antonio,TX
208,FRANK,  Davis,frank@email.com,555 789 0123,46.0,34,419,2025-04-11,San Diego,CA
209,grace,Rodriguez,grace@email.com,5558901234,53.0,40,2204,2024-03-09,Dallas,TX
210,Henry,Martinez,henry@email.com,(555) 901-2345,30.0,29,2597,2024-03-26,San Jose,CA
211,  John,Smith,john@EMAIL.com,(555) 123-4567,49.0,16,1120,2025-05-02,New York,NY
212,MARY  ,JOHNSON,mary@email.COM  ,555-234-5678,24.0,48,3068,2024-02-26,los angeles,ca
213,bob,williams,,5553456789,76.0,19,950,2024-01-10,CHICAGO  ,IL
214,  Alice  ,Brown  ,alice.email.com,555.456.7890,68.0,47,2336,2023-07-09,  Houston,TX  
215,Charlie,Jones,charlie@,invalid,39.0,24,2243,2025-01-26,Phoenix,AZ
216,david,Garcia,david@email.com,123,45.0,21,2645,2024-11-08,Philadelphia,PA
217,Emma,Miller,invalid-email,(555)678-9012,19.0,12,1857,2023-04-17,san antonio,TX
218,FRANK,  Davis,frank@email.com,555 789 0123,59.0,18,4612,2026-01-13,San Diego,CA
219,grace,Rodriguez,grace@email.com,5558901234,62.0,48,1865,2023-08-19,Dallas,TX
220,Henry,Martinez,henry@email.com,(555) 901-2345,79.0,35,2912,2023-03-22,San Jose,CA
221,  John,Smith,john@EMAIL.com,(555) 123-4567,74.0,11,2853,2023-09-16,New York,NY
222,MARY  ,JOHNSON,mary@email.COM  ,555-234-5678,70.0,40,4910,2025-11-24,los angeles,ca
223,bob,williams,  bob@gmail.com,5553456789,23.0,18,3228,2023-07-10,CHICAGO  ,IL
224,  Alice  ,Brown  ,alice.email.com,555.456.7890,45.0,11,3719,2024-11-09,  Houston,TX  
225,Charlie,Jones,charlie@,invalid,45.0,8,3228,2024-07-21,Phoenix,AZ
226,david,Garcia,david@email.com,123,61.0,6,2371,2024-02-04,Philadelphia,PA
227,Emma,Miller,invalid-email,(555)678-9012,61.0,27,2891,2024-09-13,san antonio,TX
228,FRANK,  Davis,frank@email.com,555 789 0123,37.0,13,3756,2025-01-10,San Diego,CA
229,grace,Rodriguez,grace@email.com,5558901234,47.0,30,4225,2026-01-03,Dallas,TX
230,Henry,Martinez,henry@email.com,(555) 901-2345,79.0,18,94,2023-09-08,San Jose,CA
231,  John,Smith,john@EMAIL.com,(555) 123-4567,28.0,46,2674,2023-12-07,New York,NY
232,MARY  ,JOHNSON,mary@email.COM  ,555-234-5678,75.0,15,1955,2025-09-07,los angeles,ca
233,bob,williams,  bob@gmail.com,5553456789,72.0,4,793,2023-09-11,CHICAGO  ,IL
234,  Alice  ,Brown  ,alice.email.com,555.456.7890,45.0,34,1834,2023-06-13,  Houston,TX  
235,Charlie,Jones,charlie@,invalid,42.0,11,2116,2023-04-02,Phoenix,AZ
236,david,Garcia,,123,56.0,24,4106,2023-10-16,Philadelphia,PA
237,Emma,Miller,invalid-email,(555)678-9012,79.0,20,3325,2024-01-25,san antonio,TX
238,FRANK,  Davis,frank@email.com,555 789 0123,50.0,35,2919,2023-05-29,San Diego,CA
239,grace,Rodriguez,grace@email.com,5558901234,18.0,22,2597,2026-01-21,Dallas,TX
240,Henry,Martinez,henry@email.com,(555) 901-2345,74.0,15,3205,2025-04-14,San Jose,CA
241,  John,Smith,john@EMAIL.com,(555) 123-4567,44.0,38,4807,2023-09-26,New York,NY
242,MARY  ,JOHNSON,mary@email.COM  ,555-234-5678,79.0,44,814,2025-11-19,los angeles,ca
243,bob,williams,  bob@gmail.com,5553456789,74.0,41,345,2024-07-21,CHICAGO  ,IL
244,  Alice  ,Brown  ,alice.email.com,555.456.7890,69.0,38,2349,2023-07-23,  Houston,TX  
245,Charlie,Jones,charlie@,invalid,30.0,13,362,2023-05-09,Phoenix,AZ
246,david,Garcia,david@email.com,123,58.0,30,2443,2023-12-11,Philadelphia,PA
247,Emma,Miller,invalid-email,(555)678-9012,20.0,4,2265,2023-12-12,san antonio,TX
248,FRANK,  Davis,frank@email.com,555 789 0123,56.0,34,2188,2024-10-07,San Diego,CA
249,grace,Rodriguez,grace@email.com,5558901234,23.0,22,3005,2025-07-18,Dallas,TX
250,Henry,Martinez,henry@email.com,(555) 901-2345,25.0,28,3281,2023-02-23,San Jose,CA
251,  John,Smith,john@EMAIL.com,(555) 123-4567,44.0,42,984,2024-12-08,New York,NY
252,MARY  ,JOHNSON,mary@email.COM  ,555-234-5678,26.0,10,1639,2023-06-02,los angeles,ca
253,bob,williams,  bob@gmail.com,5553456789,79.0,17,827,2024-09-09,CHICAGO  ,IL
254,  Alice  ,Brown  ,alice.email.com,555.456.7890,54.0,46,2730,2024-06-30,  Houston,TX  
255,Charlie,Jones,charlie@,invalid,50.0,11,3531,2023-03-28,Phoenix,AZ
256,david,Garcia,david@email.com,123,68.0,8,4451,2025-07-27,Philadelphia,PA
257,Emma,Miller,invalid-email,(555)678-9012,59.0,9,2935,2025-01-20,san antonio,TX
258,FRANK,  Davis,frank@email.com,555 789 0123,61.0,43,3876,2025-02-27,San Diego,CA
259,grace,Rodriguez,grace@email.com,5558901234,41.0,16,126,2023-06-27,Dallas,TX
260,Henry,Martinez,henry@email.com,(555) 901-2345,32.0,37,3177,2024-03-20,San Jose,CA
261,  John,Smith,john@EMAIL.com,(555) 123-4567,76.0,6,3056,2025-01-29,New York,NY
262,MARY  ,JOHNSON,mary@email.COM  ,555-234-5678,71.0,45,603,2023-08-27,los angeles,ca
263,bob,williams,  bob@gmail.com,5553456789,49.0,12,3449,2023-08-10,CHICAGO  ,IL
264,  Alice  ,Brown  ,alice.email.com,555.456.7890,49.0,39,4146,2024-09-02,  Houston,TX  
265,Charlie,Jones,charlie@,invalid,41.0,41,3533,2024-02-08,Phoenix,AZ
266,david,Garcia,david@email.com,123,58.0,8,3367,2025-07-20,Philadelphia,PA
267,Emma,Miller,invalid-email,(555)678-9012,69.0,49,3368,2024-11-13,san antonio,TX
268,FRANK,  Davis,frank@email.com,555 789 0123,66.0,26,3797,2024-09-08,San Diego,CA
269,grace,Rodriguez,grace@email.com,5558901234,79.0,1,1792,2023-05-01,Dallas,TX
270,Henry,Martinez,henry@email.com,(555) 901-2345,66.0,4,2861,2023-07-01,San Jose,CA
271,  John,Smith,john@EMAIL.com,(555) 123-4567,75.0,28,3476,2024-02-16,New York,NY
272,MARY  ,JOHNSON,mary@email.COM  ,555-234-5678,69.0,36,3417,2023-05-04,los angeles,ca
273,,williams,  bob@gmail.com,,29.0,37,1645,2024-09-28,CHICAGO  ,IL
274,  Alice  ,Brown  ,alice.email.com,555.456.7890,79.0,18,1205,2025-10-17,  Houston,TX  
275,Charlie,Jones,charlie@,invalid,56.0,7,3030,2025-01-21,Phoenix,AZ
276,david,Garcia,david@email.com,123,19.0,47,2872,2024-07-07,Philadelphia,PA
277,Emma,Miller,invalid-email,(555)678-9012,20.0,44,3072,2025-01-12,san antonio,TX
278,FRANK,  Davis,frank@email.com,555 789 0123,66.0,0,1854,2023-02-19,San Diego,CA
279,grace,Rodriguez,grace@email.com,5558901234,54.0,21,4021,2024-02-21,Dallas,TX
280,Henry,Martinez,henry@email.com,(555) 901-2345,66.0,16,4662,2025-12-01,San Jose,CA
281,  John,Smith,john@EMAIL.com,(555) 123-4567,73.0,6,2708,2025-05-13,New York,NY
282,MARY  ,JOHNSON,mary@email.COM  ,555-234-5678,34.0,24,3502,2025-03-10,los angeles,ca
283,bob,williams,  bob@gmail.com,5553456789,76.0,44,1332,2024-06-14,CHICAGO  ,IL
284,  Alice  ,Brown  ,alice.email.com,555.456.7890,66.0,3,201,2025-08-29,  Houston,TX  
285,Charlie,Jones,charlie@,invalid,19.0,35,3507,2026-01-31,Phoenix,AZ
286,david,Garcia,david@email.com,123,19.0,5,4212,2024-02-13,Philadelphia,PA
287,Emma,Miller,invalid-email,(555)678-9012,45.0,30,574,2023-12-03,san antonio,TX
288,FRANK,  Davis,frank@email.com,555 789 0123,71.0,18,536,2025-11-01,San Diego,CA
289,grace,Rodriguez,grace@email.com,5558901234,40.0,43,1625,2023-12-25,Dallas,TX
290,Henry,Martinez,henry@email.com,(555) 901-2345,54.0,38,2122,2025-07-12,San Jose,CA
291,  John,Smith,john@EMAIL.com,(555) 123-4567,49.0,26,385,2025-01-06,New York,NY
292,MARY  ,JOHNSON,mary@email.COM  ,555-234-5678,50.0,9,3281,2024-07-03,los angeles,ca
293,bob,williams,  bob@gmail.com,5553456789,18.0,25,474,2023-09-06,CHICAGO  ,IL
294,  Alice  ,Brown  ,alice.email.com,555.456.7890,36.0,18,417,2023-03-09,  Houston,TX  
295,Charlie,Jones,charlie@,invalid,79.0,38,3600,2024-06-29,Phoenix,AZ
296,david,Garcia,david@email.com,123,19.0,2,954,2025-11-11,Philadelphia,PA
297,Emma,Miller,invalid-email,(555)678-9012,70.0,44,4971,2024-04-09,san antonio,TX
298,FRANK,  Davis,frank@email.com,555 789 0123,61.0,12,4858,2024-02-28,San Diego,CA
299,grace,Rodriguez,grace@email.com,5558901234,43.0,49,1205,2023-07-21,Dallas,TX
300,Henry,Martinez,henry@email.com,(555) 901-2345,49.0,27,4759,2025-06-14,San Jose,CA
301,  John,Smith,john@EMAIL.com,(555) 123-4567,23.0,19,4120,2026-02-09,New York,NY
302,MARY  ,JOHNSON,mary@email.COM  ,555-234-5678,49.0,27,1990,2025-07-01,los angeles,ca
303,bob,williams,  bob@gmail.com,5553456789,72.0,7,4805,2023-12-03,CHICAGO  ,IL
304,  Alice  ,Brown  ,alice.email.com,555.456.7890,21.0,40,3572,2024-07-02,  Houston,TX  
305,Charlie,Jones,charlie@,invalid,72.0,38,4380,2025-10-18,Phoenix,AZ
306,david,Garcia,david@email.com,123,28.0,0,4158,2023-08-08,Philadelphia,PA
307,Emma,Miller,invalid-email,(555)678-9012,73.0,2,4757,2025-08-01,san antonio,TX
308,FRANK,  Davis,frank@email.com,555 789 0123,76.0,12,2713,2023-09-24,San Diego,CA
309,grace,Rodriguez,grace@email.com,5558901234,34.0,27,2203,2025-11-13,Dallas,TX
310,Henry,Martinez,henry@email.com,(555) 901-2345,55.0,48,3120,2025-10-12,San Jose,CA
311,  John,Smith,john@EMAIL.com,(555) 123-4567,41.0,24,966,2025-09-21,New York,NY
312,MARY  ,JOHNSON,mary@email.COM  ,555-234-5678,22.0,32,4944,2023-05-24,los angeles,ca
313,bob,williams,  bob@gmail.com,5553456789,69.0,37,3432,2025-10-28,CHICAGO  ,IL
314,  Alice  ,Brown  ,alice.email.com,555.456.7890,51.0,5,688,2023-09-08,  Houston,TX  
315,Charlie,Jones,charlie@,invalid,23.0,43,4243,2024-12-10,Phoenix,AZ
316,david,Garcia,david@email.com,123,39.0,44,3701,2025-03-31,Philadelphia,PA
317,Emma,Miller,invalid-email,(555)678-9012,28.0,31,341,2024-05-17,san antonio,TX
318,FRANK,  Davis,frank@email.com,555 789 0123,65.0,44,1724,2026-02-02,San Diego,CA
319,grace,Rodriguez,grace@email.com,5558901234,33.0,46,4422,2023-12-30,Dallas,TX
320,Henry,Martinez,henry@email.com,(555) 901-2345,50.0,20,1792,2025-07-03,San Jose,CA
321,  John,Smith,john@EMAIL.com,(555) 123-4567,26.0,15,1759,2024-08-07,New York,NY
322,MARY  ,JOHNSON,mary@email.COM  ,555-234-5678,77.0,20,3212,2024-02-26,los angeles,ca
323,bob,williams,  bob@gmail.com,5553456789,76.0,10,989,2025-10-23,CHICAGO  ,IL
324,  Alice  ,Brown  ,alice.email.com,555.456.7890,23.0,36,2262,2025-06-05,  Houston,TX  
325,Charlie,Jones,charlie@,invalid,33.0,35,2482,2025-01-24,Phoenix,AZ
326,david,Garcia,david@email.com,123,46.0,34,951,2026-02-04,Philadelphia,PA
327,Emma,Miller,,(555)678-9012,20.0,18,722,2024-11-09,san antonio,TX
328,FRANK,  Davis,frank@email.com,555 789 0123,37.0,19,3389,2025-07-18,San Diego,CA
329,grace,Rodriguez,grace@email.com,5558901234,77.0,17,2079,2023-08-26,Dallas,TX
330,Henry,Martinez,henry@email.com,(555) 901-2345,76.0,46,2717,2026-01-20,San Jose,CA
331,  John,Smith,john@EMAIL.com,(555) 123-4567,53.0,40,2332,2024-12-28,New York,NY
332,MARY  ,JOHNSON,mary@email.COM  ,555-234-5678,36.0,48,3376,2023-08-31,los angeles,ca
333,bob,williams,  bob@gmail.com,5553456789,43.0,13,4524,2024-09-14,CHICAGO  ,IL
334,  Alice  ,Brown  ,alice.email.com,555.456.7890,20.0,14,1500,2023-11-25,  Houston,TX  
335,Charlie,Jones,charlie@,invalid,36.0,30,285,2023-09-21,Phoenix,AZ
336,david,Garcia,david@email.com,123,37.0,0,3495,2026-01-28,Philadelphia,PA
337,Emma,Miller,invalid-email,(555)678-9012,49.0,2,2065,2023-06-16,san antonio,TX
338,FRANK,  Davis,frank@email.com,555 789 0123,24.0,15,768,2023-06-09,San Diego,CA
339,grace,Rodriguez,grace@email.com,5558901234,69.0,22,3057,2023-05-04,Dallas,TX
340,Henry,Martinez,henry@email.com,(555) 901-2345,58.0,10,4289,2023-04-12,San Jose,CA
341,  John,Smith,john@EMAIL.com,(555) 123-4567,50.0,11,2161,2025-11-16,New York,NY
342,MARY  ,JOHNSON,mary@email.COM  ,555-234-5678,57.0,9,3293,2023-08-17,los angeles,ca
343,bob,williams,  bob@gmail.com,5553456789,56.0,31,946,2025-10-12,CHICAGO  ,IL
344,  Alice  ,Brown  ,alice.email.com,555.456.7890,35.0,15,4926,2024-01-23,  Houston,TX  
345,Charlie,Jones,charlie@,invalid,57.0,7,3335,2024-03-28,Phoenix,AZ
346,david,Garcia,david@email.com,123,18.0,37,4150,2025-04-08,Philadelphia,PA
347,Emma,Miller,invalid-email,(555)678-9012,28.0,11,4895,2024-03-18,san antonio,TX
348,FRANK,  Davis,frank@email.com,555 789 0123,45.0,23,4873,2025-04-29,San Diego,CA
349,grace,Rodriguez,grace@email.com,5558901234,74.0,27,1481,2025-04-10,Dallas,TX
350,Henry,Martinez,henry@email.com,(555) 901-2345,42.0,7,1901,2023-08-12,San Jose,CA
351,  John,Smith,john@EMAIL.com,(555) 123-4567,67.0,27,3451,2024-04-20,New York,NY
352,MARY  ,JOHNSON,mary@email.COM  ,555-234-5678,40.0,35,4064,2024-08-11,los angeles,ca
353,bob,williams,  bob@gmail.com,5553456789,48.0,25,54,2025-04-05,CHICAGO  ,IL
354,  Alice  ,Brown  ,alice.email.com,555.456.7890,47.0,7,1823,2023-09-22,  Houston,TX  
355,Charlie,Jones,charlie@,invalid,59.0,49,3462,2023-02-24,Phoenix,AZ
356,david,Garcia,david@email.com,123,52.0,27,3079,2023-08-02,Philadelphia,PA
357,Emma,Miller,invalid-email,(555)678-9012,24.0,27,832,2024-01-18,san antonio,TX
358,FRANK,  Davis,frank@email.com,555 789 0123,77.0,36,4408,2026-01-07,San Diego,CA
359,grace,Rodriguez,grace@email.com,5558901234,33.0,40,2806,2024-11-23,Dallas,TX
360,Henry,Martinez,henry@email.com,(555) 901-2345,43.0,35,2490,2025-11-10,San Jose,CA
361,  John,Smith,john@EMAIL.com,(555) 123-4567,65.0,26,327,2025-02-23,New York,NY
362,MARY  ,JOHNSON,mary@email.COM  ,555-234-5678,74.0,16,3310,2023-08-23,los angeles,ca
363,bob,williams,  bob@gmail.com,5553456789,69.0,8,3300,2023-10-03,CHICAGO  ,IL
364,  Alice  ,Brown  ,alice.email.com,555.456.7890,77.0,32,3675,2025-09-05,  Houston,TX  
365,Charlie,Jones,charlie@,invalid,66.0,19,3054,2023-06-30,Phoenix,AZ
366,david,Garcia,david@email.com,123,19.0,12,2143,2026-01-18,Philadelphia,PA
367,Emma,Miller,invalid-email,(555)678-9012,18.0,27,1311,2025-01-03,san antonio,TX
368,FRANK,  Davis,frank@email.com,555 789 0123,65.0,47,3191,2023-11-29,San Diego,CA
369,grace,Rodriguez,grace@email.com,5558901234,79.0,28,2538,2024-09-13,Dallas,TX
370,Henry,Martinez,henry@email.com,(555) 901-2345,29.0,12,3983,2024-02-10,San Jose,CA
371,  John,Smith,john@EMAIL.com,(555) 123-4567,22.0,45,4547,2024-08-28,New York,NY
372,MARY  ,JOHNSON,mary@email.COM  ,555-234-5678,54.0,34,164,2023-07-01,los angeles,ca
373,bob,williams,  bob@gmail.com,5553456789,49.0,5,4277,2025-09-12,CHICAGO  ,IL
374,  Alice  ,Brown  ,alice.email.com,555.456.7890,76.0,17,822,2023-07-10,  Houston,TX  
375,Charlie,Jones,charlie@,invalid,72.0,4,943,2024-06-13,Phoenix,AZ
376,david,Garcia,david@email.com,123,26.0,46,4425,2024-12-18,Philadelphia,PA
377,Emma,Miller,invalid-email,(555)678-9012,58.0,24,774,2023-09-29,san antonio,TX
378,FRANK,  Davis,frank@email.com,555 789 0123,52.0,1,2198,2024-07-13,San Diego,CA
379,grace,Rodriguez,grace@email.com,5558901234,36.0,9,3156,2025-03-13,Dallas,TX
380,Henry,Martinez,henry@email.com,(555) 901-2345,65.0,29,4242,2023-07-25,San Jose,CA
381,  John,Smith,john@EMAIL.com,(555) 123-4567,33.0,49,3695,2025-04-22,New York,NY
382,MARY  ,JOHNSON,mary@email.COM  ,555-234-5678,20.0,44,3452,2024-01-18,los angeles,ca
383,bob,williams,  bob@gmail.com,5553456789,37.0,4,914,2025-08-09,CHICAGO  ,IL
384,  Alice  ,Brown  ,alice.email.com,555.456.7890,41.0,32,1308,2024-05-15,  Houston,TX  
385,Charlie,Jones,charlie@,invalid,71.0,0,4177,2024-08-30,Phoenix,AZ
386,david,Garcia,david@email.com,123,73.0,17,513,2026-01-21,Philadelphia,PA
387,Emma,Miller,invalid-email,(555)678-9012,50.0,31,1920,2023-08-15,san antonio,TX
388,FRANK,  Davis,frank@email.com,555 789 0123,41.0,46,3594,2023-09-28,San Diego,CA
389,grace,Rodriguez,grace@email.com,5558901234,69.0,48,4841,2023-12-10,Dallas,TX
390,,Martinez,henry@email.com,,28.0,10,1409,2025-11-03,San Jose,CA
391,  John,Smith,john@EMAIL.com,(555) 123-4567,66.0,20,4802,2024-01-21,New York,NY
392,MARY  ,JOHNSON,mary@email.COM  ,555-234-5678,25.0,25,4566,2024-10-21,los angeles,ca
393,bob,williams,  bob@gmail.com,5553456789,53.0,24,3190,2023-07-17,CHICAGO  ,IL
394,  Alice  ,Brown  ,alice.email.com,555.456.7890,55.0,21,4491,2024-09-03,  Houston,TX  
395,Charlie,Jones,charlie@,invalid,57.0,26,1555,2025-03-14,Phoenix,AZ
396,david,Garcia,david@email.com,123,37.0,48,804,2026-02-09,Philadelphia,PA
397,Emma,Miller,invalid-email,(555)678-9012,79.0,12,1279,2025-02-01,san antonio,TX
398,FRANK,  Davis,frank@email.com,555 789 0123,52.0,32,3577,2025-04-24,San Diego,CA
399,grace,Rodriguez,grace@email.com,5558901234,65.0,33,2901,2023-10-28,Dallas,TX
400,Henry,Martinez,henry@email.com,(555) 901-2345,79.0,40,1387,2023-05-13,San Jose,CA
401,  John,Smith,john@EMAIL.com,(555) 123-4567,42.0,34,4688,2024-08-07,New York,NY
402,MARY  ,JOHNSON,mary@email.COM  ,555-234-5678,52.0,0,2761,2025-03-30,los angeles,ca
403,bob,williams,  bob@gmail.com,5553456789,42.0,20,2679,2025-01-26,CHICAGO  ,IL
404,  Alice  ,Brown  ,alice.email.com,555.456.7890,46.0,47,2106,2026-01-28,  Houston,TX  
405,Charlie,Jones,charlie@,invalid,35.0,5,4223,2024-09-25,Phoenix,AZ
406,david,Garcia,david@email.com,123,63.0,27,4831,2025-06-25,Philadelphia,PA
407,Emma,Miller,invalid-email,(555)678-9012,35.0,16,2768,2025-10-04,san antonio,TX
408,FRANK,  Davis,frank@email.com,555 789 0123,19.0,4,3953,2023-10-27,San Diego,CA
409,grace,Rodriguez,grace@email.com,5558901234,71.0,30,3186,2023-09-04,Dallas,TX
410,Henry,Martinez,henry@email.com,(555) 901-2345,52.0,4,3280,2026-01-14,San Jose,CA
411,  John,Smith,john@EMAIL.com,(555) 123-4567,33.0,37,2573,2025-12-07,New York,NY
412,MARY  ,JOHNSON,mary@email.COM  ,555-234-5678,78.0,2,4616,2025-05-26,los angeles,ca
413,bob,williams,  bob@gmail.com,5553456789,58.0,22,2599,2024-11-08,CHICAGO  ,IL
414,  Alice  ,Brown  ,alice.email.com,555.456.7890,53.0,36,4033,2025-04-16,  Houston,TX  
415,Charlie,Jones,charlie@,invalid,50.0,36,236,2023-08-07,Phoenix,AZ
416,david,Garcia,david@email.com,123,21.0,9,1304,2025-04-30,Philadelphia,PA
417,Emma,Miller,invalid-email,(555)678-9012,50.0,9,3430,2023-04-14,san antonio,TX
418,FRANK,  Davis,frank@email.com,555 789 0123,31.0,18,1301,2024-05-22,San Diego,CA
419,grace,Rodriguez,grace@email.com,5558901234,38.0,16,2541,2025-05-17,Dallas,TX
420,Henry,Martinez,henry@email.com,(555) 901-2345,65.0,20,2051,2024-06-29,San Jose,CA
421,  John,Smith,john@EMAIL.com,(555) 123-4567,37.0,13,441,2023-10-21,New York,NY
422,MARY  ,JOHNSON,mary@email.COM  ,555-234-5678,73.0,8,2076,2023-10-03,los angeles,ca
423,bob,williams,  bob@gmail.com,5553456789,25.0,45,3180,2025-10-01,CHICAGO  ,IL
424,  Alice  ,Brown  ,alice.email.com,555.456.7890,24.0,0,2657,2023-06-15,  Houston,TX  
425,Charlie,Jones,charlie@,invalid,20.0,44,3798,2024-09-16,Phoenix,AZ
426,david,Garcia,david@email.com,123,34.0,12,804,2025-04-04,Philadelphia,PA
427,Emma,Miller,invalid-email,(555)678-9012,50.0,3,74,2024-07-15,san antonio,TX
428,FRANK,  Davis,frank@email.com,555 789 0123,65.0,0,2175,2023-09-09,San Diego,CA
429,grace,Rodriguez,grace@email.com,5558901234,29.0,48,3924,2024-03-26,Dallas,TX
430,Henry,Martinez,henry@email.com,(555) 901-2345,76.0,39,2089,2025-08-30,San Jose,CA
431,  John,Smith,john@EMAIL.com,(555) 123-4567,68.0,31,40,2025-04-12,New York,NY
432,MARY  ,JOHNSON,mary@email.COM  ,555-234-5678,39.0,33,2081,2025-09-08,los angeles,ca
433,bob,williams,  bob@gmail.com,5553456789,72.0,27,4683,2024-06-01,CHICAGO  ,IL
434,  Alice  ,Brown  ,alice.email.com,555.456.7890,39.0,30,1622,2023-06-30,  Houston,TX  
435,Charlie,Jones,charlie@,invalid,63.0,7,341,2025-03-14,Phoenix,AZ
436,david,Garcia,david@email.com,123,47.0,38,4052,2023-06-18,Philadelphia,PA
437,Emma,Miller,invalid-email,(555)678-9012,55.0,25,2074,2024-09-18,san antonio,TX
438,FRANK,  Davis,frank@email.com,555 789 0123,55.0,33,645,2023-04-04,San Diego,CA
439,grace,Rodriguez,grace@email.com,5558901234,62.0,2,4826,2025-05-05,Dallas,TX
440,Henry,Martinez,henry@email.com,(555) 901-2345,68.0,49,4263,2023-12-07,San Jose,CA
441,  John,Smith,john@EMAIL.com,(555) 123-4567,71.0,11,609,2023-04-23,New York,NY
442,MARY  ,JOHNSON,mary@email.COM  ,555-234-5678,25.0,0,454,2025-10-15,los angeles,ca
443,bob,williams,  bob@gmail.com,5553456789,44.0,43,2953,2023-03-20,CHICAGO  ,IL
444,  Alice  ,Brown  ,alice.email.com,555.456.7890,44.0,4,1708,2025-07-28,  Houston,TX  
445,Charlie,Jones,charlie@,invalid,51.0,29,3472,2024-10-14,Phoenix,AZ
446,david,Garcia,david@email.com,123,38.0,29,2969,2023-02-24,Philadelphia,PA
447,Emma,Miller,invalid-email,(555)678-9012,47.0,16,3028,2023-10-28,san antonio,TX
448,FRANK,  Davis,frank@email.com,555 789 0123,50.0,47,4797,2023-05-09,San Diego,CA
449,grace,Rodriguez,grace@email.com,5558901234,45.0,46,2681,2024-03-22,Dallas,TX
450,Henry,Martinez,henry@email.com,(555) 901-2345,64.0,22,3629,2023-04-12,San Jose,CA
451,  John,Smith,john@EMAIL.com,(555) 123-4567,50.0,14,4225,2024-10-09,New York,NY
452,MARY  ,JOHNSON,mary@email.COM  ,555-234-5678,22.0,36,3067,2025-05-11,los angeles,ca
453,bob,williams,  bob@gmail.com,5553456789,77.0,20,1386,2024-03-20,CHICAGO  ,IL
454,  Alice  ,Brown  ,alice.email.com,555.456.7890,78.0,13,3776,2025-06-14,  Houston,TX  
455,Charlie,Jones,,invalid,65.0,1,2866,2025-10-08,Phoenix,AZ
456,david,Garcia,david@email.com,123,36.0,10,4788,2025-07-09,Philadelphia,PA
457,Emma,Miller,invalid-email,(555)678-9012,21.0,38,3363,2023-03-16,san antonio,TX
458,FRANK,  Davis,frank@email.com,555 789 0123,52.0,37,4889,2024-10-04,San Diego,CA
459,grace,Rodriguez,grace@email.com,5558901234,66.0,33,4124,2024-12-11,Dallas,TX
460,Henry,Martinez,henry@email.com,(555) 901-2345,34.0,37,148,2023-08-07,San Jose,CA
461,  John,Smith,john@EMAIL.com,(555) 123-4567,61.0,49,3850,2025-09-13,New York,NY
462,MARY  ,JOHNSON,mary@email.COM  ,555-234-5678,45.0,33,2058,2025-01-23,los angeles,ca
463,bob,williams,  bob@gmail.com,5553456789,47.0,17,1136,2025-04-09,CHICAGO  ,IL
464,  Alice  ,Brown  ,alice.email.com,555.456.7890,46.0,29,186,2024-01-27,  Houston,TX  
465,Charlie,Jones,charlie@,invalid,63.0,14,2854,2023-09-03,Phoenix,AZ
466,david,Garcia,david@email.com,123,70.0,26,1250,2025-02-01,Philadelphia,PA
467,Emma,Miller,invalid-email,(555)678-9012,23.0,33,1333,2023-04-16,san antonio,TX
468,FRANK,  Davis,frank@email.com,555 789 0123,52.0,37,4193,2025-10-05,San Diego,CA
469,grace,Rodriguez,grace@email.com,5558901234,77.0,32,4150,2023-05-03,Dallas,TX
470,Henry,Martinez,henry@email.com,(555) 901-2345,58.0,23,2711,2024-04-13,San Jose,CA
471,  John,Smith,john@EMAIL.com,(555) 123-4567,54.0,14,4853,2024-09-12,New York,NY
472,MARY  ,JOHNSON,mary@email.COM  ,555-234-5678,41.0,29,4501,2025-11-17,los angeles,ca
473,bob,williams,  bob@gmail.com,5553456789,46.0,41,1785,2025-04-06,CHICAGO  ,IL
474,  Alice  ,Brown  ,alice.email.com,555.456.7890,66.0,16,750,2024-12-11,  Houston,TX  
475,Charlie,Jones,charlie@,invalid,63.0,4,1762,2025-10-20,Phoenix,AZ
476,david,Garcia,david@email.com,123,70.0,28,3920,2025-04-14,Philadelphia,PA
477,Emma,Miller,invalid-email,(555)678-9012,48.0,3,4460,2024-01-29,san antonio,TX
478,FRANK,  Davis,frank@email.com,555 789 0123,52.0,9,481,2024-07-03,San Diego,CA
479,grace,Rodriguez,grace@email.com,5558901234,77.0,16,153,2023-05-31,Dallas,TX
480,Henry,Martinez,henry@email.com,(555) 901-2345,50.0,9,1524,2025-03-03,San Jose,CA
481,  John,Smith,john@EMAIL.com,(555) 123-4567,69.0,16,2120,2023-11-20,New York,NY
482,MARY  ,JOHNSON,mary@email.COM  ,555-234-5678,78.0,19,2343,2023-12-03,los angeles,ca
483,bob,williams,  bob@gmail.com,5553456789,38.0,23,1240,2023-04-23,CHICAGO  ,IL
484,  Alice  ,Brown  ,alice.email.com,555.456.7890,49.0,4,60,2023-03-02,  Houston,TX  
485,Charlie,Jones,charlie@,invalid,40.0,33,938,2023-02-14,Phoenix,AZ
486,david,Garcia,david@email.com,123,50.0,5,1639,2025-02-15,Philadelphia,PA
487,Emma,Miller,invalid-email,(555)678-9012,20.0,1,4120,2023-05-08,san antonio,TX
488,FRANK,  Davis,frank@email.com,555 789 0123,35.0,12,4226,2024-03-09,San Diego,CA
489,grace,Rodriguez,grace@email.com,5558901234,42.0,42,3569,2024-07-16,Dallas,TX
490,Henry,Martinez,henry@email.com,(555) 901-2345,59.0,42,1252,2024-03-25,San Jose,CA
491,  John,Smith,john@EMAIL.com,(555) 123-4567,48.0,47,4203,2023-12-23,New York,NY
492,MARY  ,JOHNSON,mary@email.COM  ,555-234-5678,71.0,10,171,2024-07-06,los angeles,ca
493,bob,williams,  bob@gmail.com,5553456789,75.0,46,1458,2024-07-02,CHICAGO  ,IL
494,  Alice  ,Brown  ,alice.email.com,555.456.7890,20.0,22,3549,2024-10-10,  Houston,TX  
495,Charlie,Jones,charlie@,invalid,57.0,15,4197,2023-06-16,Phoenix,AZ
496,david,Garcia,david@email.com,123,63.0,30,2322,2024-10-05,Philadelphia,PA
497,Emma,Miller,invalid-email,(555)678-9012,41.0,10,1636,2026-01-23,san antonio,TX
498,FRANK,  Davis,frank@email.com,555 789 0123,67.0,15,3115,2025-01-10,San Diego,CA
499,grace,Rodriguez,grace@email.com,5558901234,49.0,7,4090,2023-05-17,Dallas,TX
500,Henry,Martinez,henry@email.com,(555) 901-2345,64.0,3,3004,2023-10-14,San Jose,CA
11,  John,Smith,john@EMAIL.com,(555) 123-4567,36.0,8,1969,2024-10-10,New York,NY
26,david,Garcia,david@email.com,123,47.0,19,4202,2024-02-15,Philadelphia,PA
41,  John,Smith,john@EMAIL.com,(555) 123-4567,59.0,24,4123,2025-08-12,New York,NY
,  John,Smith,john@EMAIL.com,(555) 123-4567,62.0,10,3712,2023-11-12,New York,NY
,MARY  ,JOHNSON,mary@email.COM  ,555-234-5678,24.0,24,2772,2023-02-18,los angeles,ca
,bob,williams,  bob@gmail.com,5553456789,29.0,6,2190,2023-08-09,CHICAGO  ,IL
,  Alice  ,Brown  ,alice.email.com,555.456.7890,36.0,28,1440,2025-04-12,  Houston,TX  
,Charlie,Jones,charlie@,invalid,49.0,48,3338,2023-09-28,Phoenix,AZ
,david,Garcia,david@email.com,123,25.0,45,2889,2023-06-25,Philadelphia,PA
,Emma,Miller,invalid-email,(555)678-9012,63.0,8,1026,2025-11-18,san antonio,TX
,FRANK,  Davis,frank@email.com,555 789 0123,43.0,7,2863,2025-12-31,San Diego,CA
,grace,Rodriguez,grace@email.com,5558901234,45.0,28,1177,2025-12-31,Dallas,TX
,Henry,Martinez,henry@email.com,(555) 901-2345,29.0,4,4399,2025-12-31,San Jose,CA
